url,title,meta_description,h1_headings,h2_headings,product_count,price_count,image_count,text_preview,status_code,page_size,error
https://octopios.com/vendors/packages,ููุตุฉ ุงููุชูุจููุณ ููุชุฌุงุฑุฉ ุงูุฅููุชุฑูููุฉ  | ุณูู ุนุงููู B2B,ูุฑุญุจูุง ุจูู ูู Octopios.comุ ุณูู B2B ุงูุนุงููู ุงูุฎุงุต ุจูู ูุชุฌุงุฑุฉ ุฏูููุฉ ุณูุณุฉ. ุชูุงุตู ูุน ุงููุดุชุฑูู ูุงูุจุงุฆุนูู ุญูู ุงูุนุงููุ ููุณุน ุฃุนูุงูู ุนุงููููุงุ ูุงุจุฏุฃ ุฑุญูุชู ูุน ุงููุชูุจููุณ ุงูููู!,,Sign up to Wolmart,2,5,7,ููุตุฉ ุงููุชูุจููุณ ููุชุฌุงุฑุฉ ุงูุฅููุชุฑูููุฉ | ุณูู ุนุงููู B2B ุงูุนุฑุจูุฉ ุงูุฅูุฌููุฒูุฉ ุชุฑููุง ุชุณุฌูู ุงูุฏุฎูู / ุงูุชุณุฌูู ุงูุนุฑุจูุฉ english ุชุณุฌูู ุงูุฏุฎูู / ุงูุชุณุฌูู current ุงูุจุงูุฉ ุงูุจูุงุชูููุฉ ุงุชุตู ุจูุง ุงุณุชุฌุงุจุฉ ุบูุฑ ูุญุฏูุฏุฉ ููุงุณุชูุณุง,200,247641,
https://octopios.com/trader/freelancer,ููุตุฉ ุงููุชูุจููุณ ููุชุฌุงุฑุฉ ุงูุฅููุชุฑูููุฉ  | ุณูู ุนุงููู B2B,ูุฑุญุจูุง ุจูู ูู Octopios.comุ ุณูู B2B ุงูุนุงููู ุงูุฎุงุต ุจูู ูุชุฌุงุฑุฉ ุฏูููุฉ ุณูุณุฉ. ุชูุงุตู ูุน ุงููุดุชุฑูู ูุงูุจุงุฆุนูู ุญูู ุงูุนุงููุ ููุณุน ุฃุนูุงูู ุนุงููููุงุ ูุงุจุฏุฃ ุฑุญูุชู ูุน ุงููุชูุจููุณ ุงูููู!,,Freelancer,0,0,10,ููุตุฉ ุงููุชูุจููุณ ููุชุฌุงุฑุฉ ุงูุฅููุชุฑูููุฉ | ุณูู ุนุงููู B2B ุงูุนุฑุจูุฉ ุงูุฅูุฌููุฒูุฉ ุชุฑููุง USD EGP OMR SAR TRY MDL CAD KWD MAD EUR USD RUB GBP AED PKR SYP EUR EUR EUR EUR CZK EUR EUR EUR RSD BGN ISK BDT BRL HRK RON ,200,1246551,
https://octopios.com/trader/categories/7,,For those who helped create the Genki Dama,,,1,5,10,ุงูุนุฑุจูุฉ ุงูุฅูุฌููุฒูุฉ ุชุฑููุง USD EGP OMR SAR TRY MDL CAD KWD MAD EUR USD RUB GBP AED PKR SYP EUR EUR EUR EUR CZK EUR EUR EUR RSD BGN ISK BDT BRL HRK RON PLN EUR DKK ILS KES HUF CHF BYR IDR COP IRR THB QAR,200,1430666,
https://octopios.com/trader/packages,ููุตุฉ ุงููุชูุจููุณ ููุชุฌุงุฑุฉ ุงูุฅููุชุฑูููุฉ  | ุณูู ุนุงููู B2B,ูุฑุญุจูุง ุจูู ูู Octopios.comุ ุณูู B2B ุงูุนุงููู ุงูุฎุงุต ุจูู ูุชุฌุงุฑุฉ ุฏูููุฉ ุณูุณุฉ. ุชูุงุตู ูุน ุงููุดุชุฑูู ูุงูุจุงุฆุนูู ุญูู ุงูุนุงููุ ููุณุน ุฃุนูุงูู ุนุงููููุงุ ูุงุจุฏุฃ ุฑุญูุชู ูุน ุงููุชูุจููุณ ุงูููู!,,,0,3,10,ููุตุฉ ุงููุชูุจููุณ ููุชุฌุงุฑุฉ ุงูุฅููุชุฑูููุฉ | ุณูู ุนุงููู B2B ุงูุนุฑุจูุฉ ุงูุฅูุฌููุฒูุฉ ุชุฑููุง USD EGP OMR SAR TRY MDL CAD KWD MAD EUR USD RUB GBP AED PKR SYP EUR EUR EUR EUR CZK EUR EUR EUR RSD BGN ISK BDT BRL HRK RON ,200,1223831,
https://octopios.com/vendors/login,ููุตุฉ ุงููุชูุจููุณ ููุชุฌุงุฑุฉ ุงูุฅููุชุฑูููุฉ  | ุณูู ุนุงููู B2B,ูุฑุญุจูุง ุจูู ูู Octopios.comุ ุณูู B2B ุงูุนุงููู ุงูุฎุงุต ุจูู ูุชุฌุงุฑุฉ ุฏูููุฉ ุณูุณุฉ. ุชูุงุตู ูุน ุงููุดุชุฑูู ูุงูุจุงุฆุนูู ุญูู ุงูุนุงููุ ููุณุน ุฃุนูุงูู ุนุงููููุงุ ูุงุจุฏุฃ ุฑุญูุชู ูุน ุงููุชูุจููุณ ุงูููู!,,Sign up to Wolmart,2,3,8,ููุตุฉ ุงููุชูุจููุณ ููุชุฌุงุฑุฉ ุงูุฅููุชุฑูููุฉ | ุณูู ุนุงููู B2B ุงูุนุฑุจูุฉ ุงูุฅูุฌููุฒูุฉ ุชุฑููุง ุชุณุฌูู ุงูุฏุฎูู / ุงูุชุณุฌูู ุงูุนุฑุจูุฉ english ุชุณุฌูู ุงูุฏุฎูู / ุงูุชุณุฌูู ๐๐ด๐ป๐ป๐ด๐ ุฃูุดุฆ ูุชุฌุฑู ูุงุจุฏุฃ ุงูุจูุน ุงูุขู. ุชุณุฌูู ุงูุฏุฎูู ุฅูุดุงุก ุญุณุงุจ ุชุณ,200,262371,
https://octopios.com/trader/categories/8,,For those who helped create the Genki Dama,,,0,5,10,ุงูุนุฑุจูุฉ ุงูุฅูุฌููุฒูุฉ ุชุฑููุง USD EGP OMR SAR TRY MDL CAD KWD MAD EUR USD RUB GBP AED PKR SYP EUR EUR EUR EUR CZK EUR EUR EUR RSD BGN ISK BDT BRL HRK RON PLN EUR DKK ILS KES HUF CHF BYR IDR COP IRR THB QAR,200,1309798,
https://octopios.com/trader/categories/4,,For those who helped create the Genki Dama,,,9,9,10,ุงูุนุฑุจูุฉ ุงูุฅูุฌููุฒูุฉ ุชุฑููุง USD EGP OMR SAR TRY MDL CAD KWD MAD EUR USD RUB GBP AED PKR SYP EUR EUR EUR EUR CZK EUR EUR EUR RSD BGN ISK BDT BRL HRK RON PLN EUR DKK ILS KES HUF CHF BYR IDR COP IRR THB QAR,200,1545656,
https://octopios.com/trader/mostpopular,ููุตุฉ ุงููุชูุจููุณ ููุชุฌุงุฑุฉ ุงูุฅููุชุฑูููุฉ  | ุณูู ุนุงููู B2B,ูุฑุญุจูุง ุจูู ูู Octopios.comุ ุณูู B2B ุงูุนุงููู ุงูุฎุงุต ุจูู ูุชุฌุงุฑุฉ ุฏูููุฉ ุณูุณุฉ. ุชูุงุตู ูุน ุงููุดุชุฑูู ูุงูุจุงุฆุนูู ุญูู ุงูุนุงููุ ููุณุน ุฃุนูุงูู ุนุงููููุงุ ูุงุจุฏุฃ ุฑุญูุชู ูุน ุงููุชูุจููุณ ุงูููู!,,,5,5,10,ููุตุฉ ุงููุชูุจููุณ ููุชุฌุงุฑุฉ ุงูุฅููุชุฑูููุฉ | ุณูู ุนุงููู B2B ุงูุนุฑุจูุฉ ุงูุฅูุฌููุฒูุฉ ุชุฑููุง USD EGP OMR SAR TRY MDL CAD KWD MAD EUR USD RUB GBP AED PKR SYP EUR EUR EUR EUR CZK EUR EUR EUR RSD BGN ISK BDT BRL HRK RON ,200,1335728,
https://octopios.com/trader/articles,ุฑุคู ูุชุญุฏูุซุงุช | ูุฏููุฉ ุฃููุชูุจููุณ B2B,ุงุณุชูุดู ุฃุญุฏุซ ุงูุงุชุฌุงูุงุช ูุงููุตุงุฆุญ ูุงูุฑุคู ูู ูุฌุงู ุงูุชุฌุงุฑุฉ ุงูุนุงูููุฉ ุจูู ุงูุดุฑูุงุช. ุชุงุจุน ูุฏููุฉ ุฃููุชูุจููุณ ุงููุตููุฉ ููููุฑุฏูู ูุงููุดุชุฑูู ูุชุญููู ุงููุฌุงุญ ูู ุงูุณูู ุงูุฑูููุฉ.,,ุงููุฏููุงุช,0,0,10,ุฑุคู ูุชุญุฏูุซุงุช | ูุฏููุฉ ุฃููุชูุจููุณ B2B ุงูุนุฑุจูุฉ ุงูุฅูุฌููุฒูุฉ ุชุฑููุง USD EGP OMR SAR TRY MDL CAD KWD MAD EUR USD RUB GBP AED PKR SYP EUR EUR EUR EUR CZK EUR EUR EUR RSD BGN ISK BDT BRL HRK RON PLN EUR DKK ILS ,200,1248171,
https://octopios.com/trader/manufacturer,ููุตุฉ ุงููุชูุจููุณ ููุชุฌุงุฑุฉ ุงูุฅููุชุฑูููุฉ  | ุณูู ุนุงููู B2B,ูุฑุญุจูุง ุจูู ูู Octopios.comุ ุณูู B2B ุงูุนุงููู ุงูุฎุงุต ุจูู ูุชุฌุงุฑุฉ ุฏูููุฉ ุณูุณุฉ. ุชูุงุตู ูุน ุงููุดุชุฑูู ูุงูุจุงุฆุนูู ุญูู ุงูุนุงููุ ููุณุน ุฃุนูุงูู ุนุงููููุงุ ูุงุจุฏุฃ ุฑุญูุชู ูุน ุงููุชูุจููุณ ุงูููู!,,ุงููุตุงูุน,0,0,10,ููุตุฉ ุงููุชูุจููุณ ููุชุฌุงุฑุฉ ุงูุฅููุชุฑูููุฉ | ุณูู ุนุงููู B2B ุงูุนุฑุจูุฉ ุงูุฅูุฌููุฒูุฉ ุชุฑููุง USD EGP OMR SAR TRY MDL CAD KWD MAD EUR USD RUB GBP AED PKR SYP EUR EUR EUR EUR CZK EUR EUR EUR RSD BGN ISK BDT BRL HRK RON ,200,1258559,
